<?xml version="1.0" encoding="utf-8"?>
<modification>
	<name>Call for Price for Opencart 3.0.x</name>
	<code>extensa_call_for_price</code>
	<version>2.0.0</version>
	<author>EXTENSA (www.extensadev.com)</author>
	<link>http://extensadev.com</link>

	<file path="admin/controller/catalog/product.php">
			<operation error="skip">
			<search><![CDATA[
$data['status'] = true;
			]]></search>
			<add position="after" offset="2"><![CDATA[
if (isset($this->request->post['callprice'])) {
	$data['callprice'] = $this->request->post['callprice'];
} elseif (!empty($product_info)) {
	$data['callprice'] = $product_info['callprice'];
} else {
	$data['callprice'] = false;
}

if (isset($this->request->post['callpricelink'])) {
	$data['callpricelink'] = $this->request->post['callpricelink'];
} elseif (!empty($product_info)) {
	$data['callpricelink'] = $product_info['callpricelink'];
} else {
	$data['callpricelink'] = 5;
}

$this->load->model('catalog/information');

$data['informations'] = $this->model_catalog_information->getInformations();
			]]></add>
			</operation>
	</file>

	<file path="admin/language/*/catalog/product.php">
			<operation error="skip">
			<search><![CDATA[
$_['entry_status']           = 'Status';
			]]></search>
			<add position="after"><![CDATA[
$_['entry_callprice']        = 'Call for Price';
$_['entry_checkout']         = 'Call for Price Link';
			]]></add>
			</operation>
	</file>

	<file path="admin/view/template/catalog/product_form.twig">
			<operation error="skip">
			<search><![CDATA[
<label class="col-sm-2 control-label" for="input-sort-order">{{ entry_sort_order }}</label>
			]]></search>
			<add position="before" offset="1"><![CDATA[
              <div class="form-group">
                <label class="col-sm-2 control-label" for="input-callprice">{{ entry_callprice }}</label>
                <div class="col-sm-10">
                  <select name="callprice" id="input-callprice" class="form-control">
                    {% if callprice %}
                    <option value="1" selected="selected">{{ text_enabled }}</option>
                    <option value="0">{{ text_disabled }}</option>
                    {% else %}
                    <option value="1">{{ text_enabled }}</option>
                    <option value="0" selected="selected">{{ text_disabled }}</option>
                    {% endif %}
                  </select>
                </div>
              </div>
                <div style="display:none" class="form-group" id="call-price-link" >
                  <label class="col-sm-2 control-label" for="input-checkout">{{ entry_checkout }}</label>
                  <div class="col-sm-10">
                    <select name="callpricelink" id="input-checkout" class="form-control">
											{% for information in informations %}
                      {% if information.information_id == callpricelink %}
                      <option value="{{ information.information_id }}" selected="selected">{{ information.title }}</option>
                      <?php } else { ?>
                      <option value="{{ information.information_id }}">{{ information.title }}</option>
                      {% endif %}
                      {% endfor %}
                    </select>
                  </div>
                </div>
			]]></add>
			</operation>

			<operation error="skip">
			<search><![CDATA[
$('input[name=\'manufacturer\']').autocomplete({
			]]></search>
			<add position="before" offset="1"><![CDATA[
if ( $('#input-callprice').val() == '1') {
        $('#call-price-link').show();
} else {
	$('#call-price-link').hide();
}

jQuery('#input-callprice').change(function () {
	if ( $('#input-callprice').val() == '1') {
			$('#call-price-link').show();
	} else {
		$('#call-price-link').hide();
	}
});
			]]></add>
			</operation>
	</file>

	<file path="admin/model/catalog/product.php">
			<operation error="skip">
			<search><![CDATA[
$this->db->query("UPDATE " . DB_PREFIX . "product SET model = '" . $this->db->escape($data['model']) . "', sku = '" . $this->db->escape($data['sku']) . "', upc = '" . $this->db->escape($data['upc']) . "', ean = '" . $this->db->escape($data['ean']) . "', jan = '" . $this->db->escape($data['jan']) . "', isbn = '" . $this->db->escape($data['isbn']) . "', mpn = '" . $this->db->escape($data['mpn']) . "', location = '" . $this->db->escape($data['location']) . "', quantity = '" . (int)$data['quantity'] . "', minimum = '" . (int)$data['minimum'] . "', subtract = '" . (int)$data['subtract'] . "', stock_status_id = '" . (int)$data['stock_status_id'] . "', date_available = '" . $this->db->escape($data['date_available']) . "', manufacturer_id = '" . (int)$data['manufacturer_id'] . "', shipping = '" . (int)$data['shipping'] . "', price = '" . (float)$data['price'] . "', points = '" . (int)$data['points'] . "', weight = '" . (float)$data['weight'] . "', weight_class_id = '" . (int)$data['weight_class_id'] . "', length = '" . (float)$data['length'] . "', width = '" . (float)$data['width'] . "', height = '" . (float)$data['height'] . "', length_class_id = '" . (int)$data['length_class_id'] . "', status = '" . (int)$data['status'] . "', tax_class_id = '" . (int)$data['tax_class_id'] . "', sort_order = '" . (int)$data['sort_order'] . "', date_modified = NOW() WHERE product_id = '" . (int)$product_id . "'");
			]]></search>
			<add position="replace"><![CDATA[
$this->db->query("UPDATE " . DB_PREFIX . "product SET model = '" . $this->db->escape($data['model']) . "', sku = '" . $this->db->escape($data['sku']) . "', upc = '" . $this->db->escape($data['upc']) . "', ean = '" . $this->db->escape($data['ean']) . "', jan = '" . $this->db->escape($data['jan']) . "', isbn = '" . $this->db->escape($data['isbn']) . "', mpn = '" . $this->db->escape($data['mpn']) . "', location = '" . $this->db->escape($data['location']) . "', quantity = '" . (int)$data['quantity'] . "', minimum = '" . (int)$data['minimum'] . "', subtract = '" . (int)$data['subtract'] . "', stock_status_id = '" . (int)$data['stock_status_id'] . "', date_available = '" . $this->db->escape($data['date_available']) . "', manufacturer_id = '" . (int)$data['manufacturer_id'] . "', shipping = '" . (int)$data['shipping'] . "', price = '" . (float)$data['price'] . "', points = '" . (int)$data['points'] . "', weight = '" . (float)$data['weight'] . "', weight_class_id = '" . (int)$data['weight_class_id'] . "', length = '" . (float)$data['length'] . "', width = '" . (float)$data['width'] . "', height = '" . (float)$data['height'] . "', length_class_id = '" . (int)$data['length_class_id'] . "', status = '" . (int)$data['status'] . "', callprice = '".(int)$data['callprice']."', callpricelink = '".(int)$data['callpricelink']. "', tax_class_id = '" . (int)$data['tax_class_id'] . "', sort_order = '" . (int)$data['sort_order'] . "', date_modified = NOW() WHERE product_id = '" . (int)$product_id . "'");
			]]></add>
			</operation>
	</file>

	<file path="catalog/controller/product/product.php">
			<operation error="skip">
			<search><![CDATA[
$data['button_cart'] = $this->language->get('button_cart');
			]]></search>
			<add position="after"><![CDATA[
$data['button_callprice'] = $this->language->get('button_callprice');
			]]></add>
			</operation>
			
			<operation error="skip">
			<search><![CDATA[
$data['description'] = html_entity_decode($product_info['description'], ENT_QUOTES, 'UTF-8');
			]]></search>
			<add position="after"><![CDATA[
$data['callprice'] = $product_info['callprice'];
$data['callpricelink'] = $product_info['callpricelink'];
$this->load->model('catalog/information');
$information_info = $this->model_catalog_information->getInformation($product_info['callpricelink']);
$data['cptitle'] = $information_info['title'];
			]]></add>
			</operation>
	</file>

	<file path="catalog/view/theme/*/template/product/product.twig">
			<operation error="skip">
			<search><![CDATA[
<input type="hidden" name="product_id" value="{{ product_id }}" />
			]]></search>
			<add position="after" offset="1"><![CDATA[
{% if callprice != 1 %}
			]]></add>
			</operation>
			
			<operation error="skip">
			<search><![CDATA[
<button type="button" id="button-cart" data-loading-text="{{ text_loading }}" class="btn btn-primary btn-lg btn-block">{{ button_cart }}</button>
			]]></search>
			<add position="after"><![CDATA[
			  {% else %}
			  <a href="?route=information/information/agree&amp;information_id={{ callpricelink }}" class="agree"><button class="btn btn-primary btn-lg btn-block"> <b>{{ cptitle }}</b></button></a><br>
			  {% endif %}
			]]></add>
			</operation>

			<operation error="skip">
			<search><![CDATA[
<label class="control-label" for="input-quantity">{{ entry_qty }}</label>
			]]></search>
			<add position="before"><![CDATA[
{% if callprice != 1 %}
			]]></add>
			</operation>

			<operation error="skip">
			<search><![CDATA[
<input type="text" name="quantity" value="{{ minimum }}" size="2" id="input-quantity" class="form-control" />
			]]></search>
			<add position="after"><![CDATA[
{% endif %}
			]]></add>
			</operation>

			<operation error="skip">
			<search><![CDATA[
{% if price %}
			]]></search>
			<add position="before"><![CDATA[
{% if callprice != 1 %}
			]]></add>
			</operation>

			<operation error="skip">
			<search><![CDATA[
<div id="product">
			]]></search>
			<add position="before"><![CDATA[
{% endif %}
			]]></add>
			</operation>
	</file>

	<file path="catalog/model/catalog/product.php">
			<operation error="skip">
			<search><![CDATA[
'status'           => $query->row['status'],
			]]></search>
			<add position="after"><![CDATA[
'callprice'        => $query->row['callprice'],
'callpricelink'    => $query->row['callpricelink'],
			]]></add>
			</operation>
	</file>
</modification>